
{
    "services": [
        {
            "name": "Green Energy Solutions",
            "description": "Providing renewable energy solutions tailored for homes and businesses."
        },
        {
            "name": "Sustainable Product Design",
            "description": "Designing products made from recycled and biodegradable materials."
        },
        {
            "name": "Environmental Consulting",
            "description": "Offering consulting services to help companies achieve their sustainability goals."
        }
    ]
}
